{
  "1_sqrt_linear": {
    "mean": 2.3989374089965656,
    "median": 2.399715977336954,
    "std": 0.007068102868362198,
    "near_cubit_pct": 0.0
  },
  "1_cbrt_log": {
    "mean": 2.3999612348284285,
    "median": 2.3999632297557203,
    "std": 0.00033455555393549036,
    "near_cubit_pct": 0.0
  },
  "2_helix": {
    "cubit_score": 4.058580189388555,
    "cubit_rank": 45,
    "total_alphas": 300,
    "top_minima": [
      1.3899665551839466,
      0.28428093645484953,
      2.2240802675585285,
      1.1474916387959866,
      2.3210702341137126,
      2.8642140468227426,
      2.553846153846154,
      2.75752508361204,
      0.6334448160535117,
      1.3123745819397994
    ],
    "nearest_min_to_cubit": 0.468561872909699
  },
  "3_nn": {
    "mean": 174.00143902709388,
    "median": 182.43935738160016,
    "cubit_over_mean": 0.0030089329592175073
  },
  "5_cone": {
    "note": "Structure is paraboloid r=sqrt(z), not fixed cone",
    "polar_angle_range_deg": [
      0.0732425340696904,
      35.264389682754654
    ],
    "arctan_cubit_deg": 27.634695617803942,
    "p_at_cubit_angle": 3.64812152502196
  },
  "6_fibonacci": {
    "mean_deviation": 3.9310344827586206,
    "mean_rel_deviation": 0.04820527899075126,
    "mean_3d_distance": 172.4003226553098
  },
  "7_shells": {
    "shell_width": 3059.7674999989786,
    "dominant_period": 611953.4999997957,
    "period_over_cubit": 1168834.6332438758
  }
}